 [
      {
        "name": "Alex Martinez",
        "notes": [
          "Alex took the initiative to fix a machine issue before it caused downtime.",
          "Missed an important team meeting due to personal matters, which delayed project progress.",
          "Stayed late to help with inventory after a large shipment arrived unexpectedly.",
          "Completed a task ahead of schedule but overlooked some minor quality issues.",
          "Helped resolve a conflict between two team members, acting as a mediator."
        ]
      },
      {
        "name": "Brittany Williams",
        "notes": [
          "Streamlined the assembly process, increasing efficiency by 10%.",
          "Forgot to update the production log, causing confusion for the next shift.",
          "Suggested a new safety protocol that has since been implemented.",
          "Handled customer complaints professionally, diffusing a tense situation.",
          "Needs improvement in time management when handling multiple tasks."
        ]
      },
      {
        "name": "Calvin Chen",
        "notes": [
          "Flagged a quality control issue, preventing a costly error.",
          "Missed a deadline on a key project, requiring others to work overtime.",
          "Worked on a critical project over the weekend to ensure it was completed on time.",
          "Often takes extra breaks, which has been noted by other team members.",
          "Developed a more efficient layout for the shipping department."
        ]
      },
      {
        "name": "Daniela Rivera",
        "notes": [
          "Adapted quickly to new machinery and trained others in its use.",
          "Frequently gets distracted by personal phone calls during work hours.",
          "Resolved a supplier issue by making important phone calls.",
          "Rushed through a task, resulting in multiple reworks being required.",
          "Commended by the team for her positive attitude during challenging times."
        ]
      },
      {
        "name": "Ethan Patel",
        "notes": [
          "Found a more cost-effective supplier for raw materials, saving the company money.",
          "Missed an important safety step during equipment maintenance, which caused a minor delay.",
          "Volunteered to take on additional responsibilities while a colleague was on leave.",
          "Frequently exceeds expectations when handling complex tasks.",
          "Needs improvement in maintaining focus during long team meetings."
        ]
      },
      {
        "name": "Fiona Sullivan",
        "notes": [
          "Led a team-building exercise that boosted morale in her department.",
          "Failed to meet the project deadline, causing delays in production.",
          "Identified a recurring bottleneck in production and worked to eliminate it.",
          "Stayed calm and composed when faced with an equipment failure.",
          "Sometimes takes on too many tasks at once, leading to burnout."
        ]
      },
      {
        "name": "George Thompson",
        "notes": [
          "Consistently arrives early to every shift, setting a great example for others.",
          "Handled an upset client with professionalism, resolving the issue promptly.",
          "Struggled with new software implementation, requiring additional training.",
          "Developed a creative solution for a packaging issue we’d been struggling with.",
          "Missed a quality check during an important shipment, which caused a minor recall."
        ]
      },
      {
        "name": "Henry Lee",
        "notes": [
          "Discovered a potential safety hazard and took immediate action to fix it.",
          "Failed to coordinate properly with another department, leading to communication issues.",
          "Worked overtime to ensure a large order was processed before the deadline.",
          "Proposed a new workflow that helped the team save time.",
          "Needs improvement in adhering to project timelines during busy periods."
        ]
      },
      {
        "name": "Isabella Watson",
        "notes": [
          "Consistently checks in with her team, making sure everyone feels supported.",
          "Missed an important deadline, which impacted overall production targets.",
          "Proposed a comprehensive training plan for the department.",
          "Attention to detail has helped minimize defects in recent product batches.",
          "Tends to be overly critical of others’ work, which sometimes affects team morale."
        ]
      },
      {
        "name": "Jack Ramirez",
        "notes": [
          "Improved communication between departments, resulting in faster production times.",
          "Forgot to complete the daily safety inspection, which led to a delay in operations.",
          "Developed a new onboarding procedure for incoming employees.",
          "Resolved a last-minute issue with a shipment, ensuring it went out on time.",
          "Frequently distracted by non-work-related tasks during peak hours."
        ]
      },
      {
        "name": "Karen Lopez",
        "notes": [
          "Designed a new workflow that cut down on wasted time during product transfers.",
          "Missed several important emails, causing a delay in a client’s order processing.",
          "Spotted an error in a batch before it left the factory, saving us from a potential recall.",
          "Always goes above and beyond to ensure the team is running smoothly.",
          "Needs to work on delegating tasks more effectively to avoid burnout."
        ]
      },
      {
        "name": "Liam Nguyen",
        "notes": [
          "Led a cross-departmental project that was completed two days ahead of schedule.",
          "Had trouble adjusting to the new software system and needed additional assistance.",
          "Suggested an improvement to the machine maintenance schedule, reducing downtime.",
          "Took on a leadership role when his supervisor was out, maintaining productivity.",
          "Tends to micromanage the team, which has caused some frustration among colleagues."
        ]
      },
      {
        "name": "Maya Johnson",
        "notes": [
          "Always offers to help colleagues, even when her own workload is heavy.",
          "Needs to improve her focus, as she sometimes drifts off task during long shifts.",
          "Implemented a new filing system that made finding documents much quicker.",
          "Volunteered to cover an additional shift during a staff shortage.",
          "Takes longer than expected to complete tasks that are typically routine."
        ]
      },
      {
        "name": "Nathan Scott",
        "notes": [
          "Caught a system error in the production line and resolved it quickly.",
          "Missed an important maintenance check, leading to machine downtime.",
          "Proposed a new idea for reducing waste, which we are now testing.",
          "Worked late to help his team meet a last-minute order deadline.",
          "Tends to rush through tasks, sometimes compromising the quality of work."
        ]
      },
      {
        "name": "Olivia Brooks",
        "notes": [
          "Organized a meeting to address team concerns, boosting morale significantly.",
          "Frequently checks in with colleagues to ensure everyone is on track.",
          "Suggested a more efficient method of tracking inventory, improving accuracy.",
          "Missed an important deadline, which required others to pick up the slack.",
          "Needs to improve her prioritization of tasks during high-pressure periods."
        ]
      },
      {
        "name": "Paul Kim",
        "notes": [
          "Found a way to reduce packaging costs by 15% without sacrificing quality.",
          "Missed several team meetings, causing communication breakdowns.",
          "Led a team through a particularly busy season with great results.",
          "Often overextends himself by volunteering for too many projects.",
          "Helped resolve a conflict between two colleagues in a thoughtful manner."
        ]
      },
      {
        "name": "Quinn Davis",
        "notes": [
          "Handled an unexpected shipment delay with grace, keeping the client informed.",
          "Had a slow response to a critical production issue, which caused delays.",
          "Came up with an innovative way to organize the warehouse space more efficiently.",
          "Regularly checks in with the team to ensure all processes are running smoothly.",
          "Missed a few opportunities to contribute during team meetings."
        ]
      },
      {
        "name": "Rosa Hernandez",
        "notes": [
          "Took charge of a quality control issue, making sure the problem didn’t escalate.",
          "Needs to improve her time management, as she missed several key tasks.",
          "Helped increase efficiency in her department by suggesting minor changes to workflow.",
          "Organized a team-building event that had a noticeable impact on morale.",
          "Tends to be overly critical when giving feedback, which has affected team dynamics."
        ]
      },
      {
        "name": "Samuel Turner",
        "notes": [
          "Volunteered to stay late to help fix a mechanical issue.",
          "Needs to improve his attention to detail, as he missed several key checkpoints.",
          "Proposed a change in the manufacturing process that saved time and materials.",
          "Positive attitude has boosted team morale, especially during tough shifts.",
          "Sometimes struggles with managing his workload during peak periods."
        ]
      },
      {
        "name": "Taylor Bennett",
        "notes": [
          "Suggested we trial a new supplier, resulting in significant cost savings.",
          "Missed a critical deadline, which led to delays in production.",
          "Spotted an issue with the new software and worked with IT to resolve it quickly.",
          "Organized a training session for the team to help them better understand procedures.",
          "Needs improvement in following up on tasks once they’ve been assigned."
        ]
      },
      {
        "name": "Ulysses Ortiz",
        "notes": [
          "Troubleshooted a recurring machinery issue, minimizing downtime.",
          "Needs to improve communication with his team, as tasks were left unclear.",
          "Took the lead on a difficult project and got it back on track.",
          "Handled a client complaint with professionalism, receiving positive feedback.",
          "Failed to properly document a production issue, causing confusion later."
        ]
      },
      {
        "name": "Victoria Parker",
        "notes": [
          "Worked diligently on a report for upper management, impressing the executives.",
          "Forgot to finalize a critical order, which caused a delay in delivery.",
          "Coordinated efforts to improve workflow, increasing productivity by 5%.",
          "Volunteered to cover a weekend shift when another employee had an emergency.",
          "Needs improvement in communicating with external vendors more effectively."
        ]
      },
      {
        "name": "William Foster",
        "notes": [
          "Discovered a new method of conducting inspections, speeding up the process.",
          "Missed a safety procedure during a routine check, leading to a minor delay.",
          "Helped reorganize the storeroom, improving inventory management.",
          "Frequently over-promises and struggles to meet his deadlines on time.",
          "His ability to resolve problems quickly has saved us from delays."
        ]
      },
      {
        "name": "Xavier Morgan",
        "notes": [
          "Shown excellent leadership skills when delegating tasks to his team.",
          "Needs improvement in balancing speed with accuracy when completing tasks.",
          "Spotted a discrepancy in production figures and fixed it before it caused issues.",
          "Worked overtime during a major order push without being asked.",
          "Failed to communicate a key change in the production line to the next shift."
        ]
      },
      {
        "name": "Zoe Carter",
        "notes": [
          "Suggested a layout change in the production line, improving efficiency.",
          "Missed a critical component in a shipment, which led to a customer complaint.",
          "Her keen eye for detail caught a shipment error before it left the warehouse.",
          "Frequently volunteers to train new hires, ensuring they are well-prepared.",
          "Needs improvement in meeting project deadlines during peak times."
        ]
      }
    ]

  